{
  "PlatonicSolids": [
    {
      "Name": "Octahedron",
      "Vertices": [[1, 0, 0], [0, -1, 0], [-1, 0, 0], [0, 1, 0], [0, 0, 1], [0, 0, -1]],
      "Faces": [[2, 1, 5], [3, 2, 5], [4, 3, 5], [1, 4, 5], [1, 2, 6], [2, 3, 6], [3, 4, 6], [4, 1, 6]],
      "Center": [2, 0, 0.25],
      "CircumscribedSphereRadius": 1.5
    },
    {
      "Name": "Dodecahedron",
      "Vertices": [[-0.57735, -0.57735, 0.57735], [0.934172, 0.356822, 0], [0.934172, -0.356822, 0], [-0.934172, 0.356822, 0], [-0.934172, -0.356822, 0], [0, 0.934172, 0.356822], [0, 0.934172, -0.356822], [0.356822, 0, -0.934172], [-0.356822, 0, -0.934172], [0, -0.934172, -0.356822], [0, -0.934172, 0.356822], [0.356822, 0, 0.934172], [-0.356822, 0, 0.934172], [0.57735, 0.57735, -0.57735], [0.57735, 0.57735, 0.57735], [-0.57735, 0.57735, -0.57735], [-0.57735, 0.57735, 0.57735], [0.57735, -0.57735, -0.57735], [0.57735, -0.57735, 0.57735], [-0.57735, -0.57735, -0.57735]],
      "Faces": [[19, 3, 2], [12, 19, 2], [15, 12, 2], [8, 14, 2], [18, 8, 2], [3, 18, 2], [20, 5, 4], [9, 20, 4], [16, 9, 4], [13, 17, 4], [1, 13, 4], [5, 1, 4], [7, 16, 4], [6, 7, 4], [17, 6, 4], [6, 15, 2], [7, 6, 2], [14, 7, 2], [10, 18, 3], [11, 10, 3], [19, 11, 3], [11, 1, 5], [10, 11, 5], [20, 10, 5], [20, 9, 8], [10, 20, 8], [18, 10, 8], [9, 16, 7], [8, 9, 7], [14, 8, 7], [12, 15, 6], [13, 12, 6], [17, 13, 6], [13, 1, 11], [12, 13, 1], [19, 12, 11]],
      "Center": [-1.41, -1.41, 0],
      "CircumscribedSphereRadius": 1.25
    },
    {
      "Name": "Icosahedron",
      "Vertices": [[0, -0.525731, 0.850651], [0.850651, 0, 0.525731], [0.850651, 0, -0.525731], [-0.850651, 0, -0.525731], [-0.850651, 0, 0.525731], [-0.525731, 0.850651, 0], [0.525731, 0.850651, 0], [0.525731, -0.850651, 0], [-0.525731, -0.850651, 0], [0, -0.525731, -0.850651], [0, 0.525731, -0.850651], [0, 0.525731, 0.850651]],
      "Faces": [[2, 3, 7], [2, 8, 3], [4, 5, 6], [5, 4, 9], [7, 6, 12], [6, 7, 11], [10, 11, 3], [11, 10, 4], [8, 9, 10], [9, 8, 1], [12, 1, 2], [1, 12, 5], [7, 3, 11], [2, 7, 12], [4, 6, 11], [6, 5, 12], [3, 8, 10], [8, 2, 1], [4, 10, 9], [5, 9, 1]],
      "Center": [0, 2, 0.25],
      "CircumscribedSphereRadius": 1.75
    }
  ],
  "Floor": {
    "Vertices": [[-8, -8, -2], [-8, 8, -0], [8, 8, -2], [8, -8, -2.5]],
    "Faces": [[0, 1, 2, 3]]
  }
}